Unique ID	Identifier	Name
fRLqTzrtTt6mhdpGdcCWT	1HB	History Pack 1 - Bravo Blitz Deck
wD6NncrcKDRKnRNqJjPgq	1HD	History Pack 1 - Dash Blitz Deck
zHtRgTHMPH7mM8q6p7CTb	1HK	History Pack 1 - Kano Blitz Deck
QpnqjpTwQfwKpmdtd8H6N	1HP	History Pack 1
DGq7jN9CfcpnDRQFMTHhB	1HP	History Pack 1 – Black Label
rPLfPFcgRwjLRtWcw79bd	1HR	History Pack 1 - Rhinar Blitz Deck
JDFpMrdk8nnBqcRMcWd6q	1HT	History Pack 1 - Dorinthea Blitz Deck
HGDbNN6KpqzWbzWDMHt9G	1HV	History Pack 1 - Viserai Blitz Deck
qRBNhJMCjcgWMMwGpbqMm	2HP	History Pack 2 – Black Label
zWBwqgLbrnMCHq9rWGFhT	AAC	Armory Deck - Arakni
zNF9Rtkg998WkCBCgfJQR	AAZ	Armory Deck - Azalea
TPTpTTGwGRcpmpjLhpMmH	AGB	Armory Deck - Gravy Bones
GnCkQJBcdrfnddKT7NqFj	AHA	Armory Deck Origins - Hala
QPwGGk7Tnrtpj7RfD6BJP	AIO	Armory Deck - Dash I/O
NhqdzMMTrtNQdB6DphMGh	AJV	Armory Deck Origins - Jarl Vetreiði
HJ8Dqhq7tCwKWFCwkjw86	AKO	Armory Deck - Kayo
BrRjNCgcqCj7TrJPbrmKk	AMX	Amory Deck - Maxx
MhBtKrkKHNK7qzhDTHBj7	AOL	Armory Deck - Olympia
7JCQ7LLWpwmJJ9JFLNgpF	APR	Armory Deck Legends - Prism
qRrM9fKHKgwWwzh9rcrGg	APS	Armory Deck - Pleiades
7LbfKJbkWGGwFJDWJn8GB	ARA	Arakni Blitz Deck
F7brMw6wh6mW98Ln9Hh6f	ARC	Arcane Rising
QhLgwK96z8KFMrnWHWD8G	ARK	Arakni Blitz Deck
6wPzLbFHJRQCghFTMnwtJ	ARR	Armory Deck - Rhinar
gmPW6zdL8Fkcd7T6Fghdb	ASB	Armory Deck - Boltyn
rDTjHH7pgRNCFrrWqpcmQ	ASR	Armory Deck - Ira
gcgDfrrqpwPjzM9KJ6nhF	AST	Armory Deck - Aurora
kL8Njk8QtNN7dGchTQqQf	AUA	Aurora Blitz Deck
8Ft6TJJCLmmfnFDnwddMR	AUR	First Strike - Aurora
mJpgFHnK99p6HDdWWhzML	AVS	Armory Deck Legends - Viserai
7DwGmMt7dfMKMwTKFQ6hB	AZL	Azalea Blitz Deck
97NzCKbWKpHMkrJnDWR7M	AZS	Armory Deck - Zyggy
mGktWtqzRWGPg6F78RFqh	BDD	Bravo Demo Deck
bppTqJLgqJpNMjBcRrcp7	BEN	Benji Blitz Deck
KP7GC9CdJBWjqNjcpbBDN	BET	Betsy Blitz Deck
HPKkthwQKdFTDgK6WTQqR	BOL	Boltyn Blitz Deck
h8mR6RdH6nnMFGTdF6ffF	BRI	Briar Blitz Deck
6T9cpCjmwNtMRkD6c6pNC	BVO	Bravo Hero Deck
t8PhhW96tJJTnN7f77C7b	CHN	Chane Blitz Deck
DPzPjHGgBmc7mDjfjBk9P	CIN	Cindra Blitz Deck
K8MGfzFdqWGwrcJgpDqRR	CRU	Crucible of War
D6ppJRdChMn7bKGDwBK8J	DDD	Dorinthea Demo Deck
KhcHnWztNdGbLgJbtzbHC	DRO	Dromai Blitz Deck
bJBqr7QFQcKcdNMbw9JMB	DTD	Dusk till Dawn
kqQtDHQ8pMgcGBRBRFT7c	DVR	Classic Battles: Rhinar vs Dorinthea – Dorinthea
HWKQRtfbPPRGqh6dMdQFK	DYN	Dynasty
TWQdqjJfGzCjjCRJzM6PG	ELE	Tales of Aria
BjgNW9MLKq9TfgrDzqrCT	ENG	Enigma Blitz Deck
L8K8FRNNHFL9HJdLbJPdr	EVO	Bright Lights
pfLLLbcmBpfkqrR9fKGtj	EVR	Everfest
zpj7gQ6k67FP97MMMhFRr	FAB	Promos
GN9B6QcH6BCdcJtNCNTwJ	FAI	Fai Blitz Deck
GLKrFtFbrPjmdFQBQdhCg	FLR	Florian Blitz Deck
TwzRhRnKNBdWbmnt8JMBN	FNG	Fang Blitz Deck
mMCpM6zqkdb7wKmw6qP6n	GEM	GEM Pack Promos
zQFpFP9kJrcgWJmR8w6Nr	HER	Hero Card Promos
NHqKhjGQLWB6DqFwcDRWr	HNT	The Hunted
9GGpwPrfzfDL7Pg9wdbFQ	HVY	Heavy Hitters
qJrJThgkdr8NzCz8C8hLM	IAR	??? Set 20 ???
NJH6TM8ThDgd6GKNbMbKm	IRA	Ira Welcome Deck
Q7kcdgCRNm6fWmNjgTbnF	JDG	Judge Unique Promos
MMLdCDCHzbczh9qc9bzGp	KAT	Katsu Blitz Deck
rgRWRm9GbMpPTt789kgHW	KSI	Kassai Blitz Deck
Wp8RnQbnhjM8dPR7CjJLj	KSU	Katsu Hero Deck
DmbjR8R9B8jPfCgcn7dL8	KYO	Kayo Blitz Deck
Mm8n6LDWrjhRKmghDpH8F	LEV	Levia Blitz Deck
Q7pWcKBwRPzjFthNTWWnR	LGS	Local Game Store Promos
FbC6d7CCD9frkFTJ8BMLJ	LSS	LSS Promos
NtFmMN7FrrD9T7wNmRfbP	LXI	Lexi Blitz Deck
RqqtdMH8fDBPCnjDcLNdT	MON	Monarch
bLQtwmQ8wzKq7Q7WJGtTr	MPG	Mastery Pack Guardian
MD7gpbMkTTHFgGrkKpNqB	MPW	Mastery Pack Warrior
CcM86B8czTkgchQFnGmkQ	MST	Part the Mistveil
W8669Tr9cwthfDthNjKP9	NUU	Nuu Blitz Deck
pRmKczPQQff9T6HTkqHkm	OLA	Olympia Blitz Deck
jHCNJwm8Q6Gm7L8mLQ8Tg	OLD	Oldhim Blitz Deck
JQhMnwghQ7WDjJbcPKDWc	OMN	Omens of the Third Age
cFBW9t8bwBJGHtjBFfHLK	OSC	Oscilio Blitz Deck
rqprmGL98FMqcPzPBpKmQ	OUT	Outsiders
bNCWTDLLz6CHGDJzCMCjk	OXO	Slingshot Underground Promos
7KtM6HBqwGfTpGNmCQbt9	PEN	Compendium of Rathe
NGqTPbzCC6QN6Nkwjrthj	PSM	Prism Blitz Deck
BqWfHnHgd8BtnF9FHBNHG	RHI	Rhinar Blitz Deck
kjKBztc6Jwkbjm8FfTgtL	RIP	Riptide Blitz Deck
PNQNFFcPRnMQMHmB6t9t6	RNR	Rhinar Hero Deck
NbL9J9Mqb9QHc9FRJGTwd	ROS	Rosetta
fwzFkTTtW8gqwTCbLRNbP	RVD	Classic Battles: Rhinar vs Dorinthea – Rhinar
Rjj6Bmh9qqzdJdd7ckQbg	SAR	Silver Age Chapter 2 - Arakni, Web of Deceit
Q9J7zq9bG8ppKB8THHFMC	SAZ	Silver Age Chapter 2 - Azalea
9HNctTgFBzmpGMqfm9htF	SBR	Silver Age Chapter 1 - Bravo, Flattering Showman
QGpqWbPMDWPn7RKMJFtjP	SDA	Silver Age Chapter 1 - Dash
HfpzLjmDRw6qDGMGWc7N6	SDO	Silver Age Chapter 2 - Dorinthea
wgpfKBFMGm8WqjnkbBkcw	SEA	High Seas
NJtgtNMRWjppPT9rFbcJp	SEN	Silver Age Chapter 2 - Enigma
gcm9RnTbGttwffjFhTzFP	SFA	Silver Age Chapter 2 - Fai
jzP8pqcCmfgWD7tmGNRcL	SIY	Silver Age Chapter 1 - Iyslander
TKgjzj6bqCdpBFtWdTDbB	SKA	Silver Age Chapter 1 - Kayo
kbPrb6NpWfFwMJHzBb8kn	SMP	Smash Palace
HwFzNL9HbGLbfB8TjDrBF	SUP	Super Slam
jc6DftRfhMjf9rP8g8wGH	SVI	Silver Age Chapter 1 - Viserai
NnTrbw6jDGjwPJBMNqdd8	TCC	Round the Table: TCC X LSS
dnrqf9WmFbQNHTkkk6htL	TEA	Dorinthea Hero Deck
bPGJ6JwTbtmJHQQDbMhjg	TER	First Strike - Terra
hPLgdFQPqGfn8GpJ8Rqg6	TNP	Tournament Pack
dBgRbDmcFzW9kGnPFrqQ8	UPR	Uprising
7tp6jGn6pHTfDJLhKTpFz	UZU	Uzuri Blitz Deck
hgDchLgGMBd8gnntLfmnn	VER	Verdance Blitz Deck
RJdbhzKTCkTW9HCbphgJn	VIC	Victor Goldmane Blitz Deck
bKWKRDkTtWgGww6kjtfhR	WIN	Worlds / Pro Tour Prize Cards
FcJD8jDhLNKKtBDhLnNLt	WOD	Arakni, Web of Deceit Blitz Deck
z76hC7kM6jcNzPgqkTwqf	WTR	Welcome to Rathe
CbWCHFq7RhQzDBjCtLcRj	XXX	OP Event Tokens
qbQ7PPMpCBwbmdw7qPLLG	ZEN	Zen Blitz Deck
kd7Wk96zd6Kz66nWhBwJJ	SBA	Silver Age Chapter 3 - Briar
PWfChPBFJPrP8mwBKctN8	SBL	Silver Age Chapter 3 - Boltyn
pkHkHrrTm66K9BCRKDfGp	SLY	Silver Age Chapter 3 - Lyath Goldmane
bwPNhzGJBHmdTFTmHdqjc	SGB	Silver Age Chapter 3 - Gravy Bones
cGzCRBm9nbNfLJjjDrHHT	SBZ	Silver Age Chapter 3 - Blaze, Firemind
RWNBtLDFGTfQcPNpfGfrj	CON	Convention Promos
Gc8MTgWpCN6wJKdQqftFq	ANQ	Compendium of Rathe - Antiquity Pack
